population,horizon_d,test_year,n_train,n_test,prevalence,roc_auc,pr_auc,pr_lift
all_rows,14,2022,250494,13989,0.14025305597254986,0.7432431166809779,0.3813767693608611,2.7192047026447943
all_rows,14,2023,264483,15377,0.1544514534694674,0.7012896639383415,0.31597807665611916,2.045808372522587
all_rows,14,2024,279860,30382,0.11394904877888223,0.7794317984777198,0.3425274412700894,3.005970167726128
all_rows,28,2022,250494,13989,0.14311244549288726,0.7582348409911603,0.398371135697169,2.7836232853485
all_rows,28,2023,264483,15377,0.16186512323600183,0.7009530325736155,0.31787429028229763,1.9638220014748455
all_rows,28,2024,279860,30382,0.11681258639984202,0.7801851483913469,0.35078474800789033,3.002970474493019
all_rows,42,2022,250494,13989,0.14489956394309814,0.76240282601862,0.39894053473285124,2.7532210855342165
all_rows,42,2023,264483,15377,0.16563699031020354,0.7015863726095928,0.3163050024298608,1.9096278061892304
all_rows,42,2024,279860,30382,0.11826081232308604,0.7607662158503584,0.3191807250144942,2.698955966432052
new_ignition,14,2022,160548,9209,0.0024975567379737214,0.7550383854447695,0.01895781945316316,7.590546058442589
new_ignition,14,2024,179906,19874,0.004880748716916575,0.6617308765936063,0.03998540519296226,8.192473637164246
new_ignition,28,2022,160548,9209,0.0034748615484851775,0.7070427427263811,0.016608910075786073,4.779732902747311
new_ignition,28,2023,169757,10149,0.00285742437678589,0.5146790241243016,0.0029726445003138103,1.0403230701270643
new_ignition,28,2024,179906,19874,0.005887088658548858,0.6219096206948613,0.024801350446072602,4.212837938164503
new_ignition,42,2022,160548,9209,0.004886524052557281,0.7007468839419952,0.01117669748101876,2.2872490467267057
new_ignition,42,2023,169757,10149,0.003448615627155385,0.5209045453261392,0.003978551587824156,1.153666287566496
new_ignition,42,2024,179906,19874,0.0072456475797524405,0.6118780621726643,0.013278201352408411,1.8325762060955886
