model,test_year,n_train,n_test,val_auc,roc_auc,pr_auc,f1
hgb,2022,86517,13989,0.7966651905589985,0.8165305430205776,0.7219711154524023,0.6507662640820054
rf,2022,86517,13989,0.8253231165130648,0.8439580677149738,0.7708855700674132,0.6819791778469464
logreg,2022,86517,13989,0.7583403771791494,0.7356070424286751,0.6707036436603894,0.558078467717022
lgbm,2022,86517,13989,0.7741641666828771,0.8024791638861124,0.7100325042957936,0.6443132025147648
hgb,2023,250494,15377,0.7444977126937946,0.6545802063884678,0.5143530502212392,0.4658441167619621
rf,2023,250494,15377,0.7246320208115016,0.6531364445086402,0.5040428810347772,0.4316017316017316
logreg,2023,250494,15377,0.6481102999747411,0.5857584657745163,0.42645028539030916,0.5087468585226432
lgbm,2023,250494,15377,0.7326856673756198,0.6746468265556219,0.5356139605094079,0.5009398496240601
hgb,2024,264483,30382,0.6455554383895123,0.7483722805285273,0.6942830222696132,0.5549602006999721
rf,2024,264483,30382,0.6525018021048403,0.7227272841587129,0.6747170574378649,0.5334629176580985
logreg,2024,264483,30382,0.5928801566560793,0.6621626529238713,0.5464170470309339,0.5223647169221145
lgbm,2024,264483,30382,0.6689089942628479,0.75345348864428,0.6868310500939427,0.5605702231029853
