scheme,fold,roc_auc,pr_auc
spatial_block,0,0.9000803132536668,0.8436816608797121
spatial_block,1,0.899759082139914,0.8319673851871859
spatial_block,2,0.8859137823777133,0.7975945481233735
spatial_block,3,0.8920342792975654,0.8189592586473374
spatial_block,4,0.9040741155324875,0.8431145747169468
random,0,0.9507774771081445,0.913457198626179
random,1,0.9508724897473634,0.9137838541541626
random,2,0.9489026654693952,0.9112921288991906
random,3,0.9482293021790082,0.9099473874892546
random,4,0.9490081959866027,0.9106211131455171
